question,workflow,tools,sourceCategory,keywords
本表收集自贴吧、知乎、公众号、新生群等公开渠道,KNOWLEDGE_QA,SEARCH_PUBLIC_KNOWLEDGE,,
问题均为学生口语化表达，可直接用于问答系统训练,KNOWLEDGE_QA,SEARCH_PUBLIC_KNOWLEDGE,,
"可在""答案/备注""栏填写官方答案或补充信息",KNOWLEDGE_QA,SEARCH_PUBLIC_KNOWLEDGE,,
标 ★ 的为高频问题，建议优先补充,KNOWLEDGE_QA,SEARCH_PUBLIC_KNOWLEDGE,,
按13个分类整理，方便分发给不同部门作答,KNOWLEDGE_QA,SEARCH_PUBLIC_KNOWLEDGE,,
哪个食堂人比较少？,KNOWLEDGE_QA,SEARCH_PUBLIC_KNOWLEDGE,,"[""食堂"", ""人少"", ""排队"", ""推荐""]"
一饭一楼有什么好吃的？,KNOWLEDGE_QA,SEARCH_PUBLIC_KNOWLEDGE,,"[""一饭"", ""一楼"", ""推荐"", ""菜品""]"
食堂早餐有什么？,KNOWLEDGE_QA,SEARCH_PUBLIC_KNOWLEDGE,,"[""食堂"", ""早餐"", ""种类"", ""早上""]"
食堂几点关门？,KNOWLEDGE_QA,GET_CURRENT_TIME|SEARCH_PUBLIC_KNOWLEDGE,,"[""食堂"", ""关门"", ""时间"", ""晚上""]"
食堂有什么特色菜？,KNOWLEDGE_QA,SEARCH_PUBLIC_KNOWLEDGE,,"[""食堂"", ""特色菜"", ""推荐"", ""好吃""]"
食堂人均消费多少？,KNOWLEDGE_QA,SEARCH_PUBLIC_KNOWLEDGE,,"[""食堂"", ""人均"", ""消费"", ""多少钱""]"
食堂支持微信支付吗？,KNOWLEDGE_QA,SEARCH_PUBLIC_KNOWLEDGE,,"[""食堂"", ""微信支付"", ""支付宝"", ""付款""]"
哪个食堂离图书馆最近？,KNOWLEDGE_QA,SEARCH_PUBLIC_KNOWLEDGE,,"[""食堂"", ""图书馆"", ""最近"", ""距离""]"
食堂的米饭多少钱？,KNOWLEDGE_QA,SEARCH_PUBLIC_KNOWLEDGE,,"[""食堂"", ""米饭"", ""价格"", ""多少钱""]"
二饭三楼早茶几点开始供应？,KNOWLEDGE_QA,GET_CURRENT_TIME|SEARCH_PUBLIC_KNOWLEDGE,,"[""二饭"", ""三楼"", ""早茶"", ""时间""]"
食堂有清真窗口吗？,KNOWLEDGE_QA,SEARCH_PUBLIC_KNOWLEDGE,,"[""食堂"", ""清真"", ""窗口"", ""回族""]"
食堂可以用支付宝吗？,KNOWLEDGE_QA,SEARCH_PUBLIC_KNOWLEDGE,,"[""食堂"", ""支付宝"", ""支付"", ""付款""]"
食堂有什么饮料？,KNOWLEDGE_QA,SEARCH_PUBLIC_KNOWLEDGE,,"[""食堂"", ""饮料"", ""奶茶"", ""果汁""]"
食堂有免费汤吗？,KNOWLEDGE_QA,SEARCH_PUBLIC_KNOWLEDGE,,"[""食堂"", ""免费汤"", ""汤"", ""免费""]"
一饭的烧腊饭多少钱？,KNOWLEDGE_QA,SEARCH_PUBLIC_KNOWLEDGE,,"[""一饭"", ""烧腊饭"", ""价格"", ""多少钱""]"
大学城附近有什么好吃的外卖？,KNOWLEDGE_QA,SEARCH_PUBLIC_KNOWLEDGE,,"[""大学城"", ""外卖"", ""好吃"", ""推荐""]"
贝岗村有什么推荐的美食？,KNOWLEDGE_QA,SEARCH_PUBLIC_KNOWLEDGE,,"[""贝岗村"", ""美食"", ""推荐"", ""好吃""]"
GOGO新天地有什么好吃的？,KNOWLEDGE_QA,SEARCH_PUBLIC_KNOWLEDGE,,"[""GOGO新天地"", ""美食"", ""推荐"", ""好吃""]"
食堂可以打包吗？,KNOWLEDGE_QA,SEARCH_PUBLIC_KNOWLEDGE,,"[""食堂"", ""打包"", ""带走"", ""饭盒""]"
食堂二楼有什么？,KNOWLEDGE_QA,SEARCH_PUBLIC_KNOWLEDGE,,"[""食堂"", ""二楼"", ""有什么"", ""菜品""]"
学校有哪些奶茶店？,KNOWLEDGE_QA,SEARCH_PUBLIC_KNOWLEDGE,,"[""奶茶"", ""奶茶店"", ""饮品"", ""校园""]"
校医院怎么预约挂号？,KNOWLEDGE_QA,SEARCH_PUBLIC_KNOWLEDGE,,"[""校医院"", ""预约"", ""挂号"", ""网上""]"
校医院能验血吗？,KNOWLEDGE_QA,SEARCH_PUBLIC_KNOWLEDGE,,"[""校医院"", ""验血"", ""血常规"", ""化验""]"
校医院可以做B超吗？,KNOWLEDGE_QA,SEARCH_PUBLIC_KNOWLEDGE,,"[""校医院"", ""B超"", ""检查"", ""影像""]"
校医院在哪里？,KNOWLEDGE_QA,SEARCH_PUBLIC_KNOWLEDGE,,"[""校医院"", ""位置"", ""地址"", ""看病""]"
校医院可以体检吗？,KNOWLEDGE_QA,SEARCH_PUBLIC_KNOWLEDGE,,"[""校医院"", ""体检"", ""入学体检"", ""毕业体检""]"
校医院有皮肤科吗？,KNOWLEDGE_QA,SEARCH_PUBLIC_KNOWLEDGE,,"[""校医院"", ""皮肤科"", ""痘痘"", ""过敏""]"
校医院可以看牙科吗？,KNOWLEDGE_QA,SEARCH_PUBLIC_KNOWLEDGE,,"[""校医院"", ""牙科"", ""看牙"", ""口腔""]"
校医院急诊电话是多少？,KNOWLEDGE_QA,SEARCH_PUBLIC_KNOWLEDGE,,"[""校医院"", ""急诊"", ""电话"", ""紧急""]"
校医院可以看眼科吗？,KNOWLEDGE_QA,SEARCH_PUBLIC_KNOWLEDGE,,"[""校医院"", ""眼科"", ""视力"", ""检查""]"
大学生医保怎么报销？,KNOWLEDGE_QA,SEARCH_PUBLIC_KNOWLEDGE,,"[""医保"", ""报销"", ""大学生医保"", ""看病""]"
校医院可以开病假条吗？,KNOWLEDGE_QA,SEARCH_PUBLIC_KNOWLEDGE,,"[""校医院"", ""病假条"", ""请假"", ""证明""]"
校医院上班时间是什么？,KNOWLEDGE_QA,GET_CURRENT_TIME|SEARCH_PUBLIC_KNOWLEDGE,,"[""校医院"", ""上班时间"", ""门诊"", ""几点""]"
校医院能测血压吗？,KNOWLEDGE_QA,SEARCH_PUBLIC_KNOWLEDGE,,"[""校医院"", ""血压"", ""测量"", ""体检""]"
心理咨询中心在哪里？,KNOWLEDGE_QA,SEARCH_PUBLIC_KNOWLEDGE,,"[""心理咨询"", ""位置"", ""预约"", ""辅导""]"
校医院有中医科吗？,KNOWLEDGE_QA,SEARCH_PUBLIC_KNOWLEDGE,,"[""校医院"", ""中医"", ""中药"", ""调理""]"
校医院可以看感冒发烧吗？,KNOWLEDGE_QA,SEARCH_PUBLIC_KNOWLEDGE,,"[""校医院"", ""感冒"", ""发烧"", ""看病""]"
校园卡余额怎么查询？,KNOWLEDGE_QA,SEARCH_PUBLIC_KNOWLEDGE,,"[""校园卡"", ""余额"", ""查询"", ""企业微信""]"
统一认证密码忘了怎么办？,KNOWLEDGE_QA,SEARCH_PUBLIC_KNOWLEDGE,,"[""统一认证"", ""密码"", ""忘记"", ""重置""]"
圈存机在哪里？,KNOWLEDGE_QA,SEARCH_PUBLIC_KNOWLEDGE,,"[""圈存机"", ""位置"", ""充值"", ""食堂""]"
校园卡怎么充值？,KNOWLEDGE_QA,SEARCH_PUBLIC_KNOWLEDGE,,"[""校园卡"", ""充值"", ""微信"", ""支付宝""]"
校园卡在哪里挂失？,KNOWLEDGE_QA,SEARCH_PUBLIC_KNOWLEDGE,,"[""校园卡"", ""挂失"", ""解挂"", ""企业微信""]"
怎么缴空调费？,KNOWLEDGE_QA,SEARCH_PUBLIC_KNOWLEDGE,,"[""空调费"", ""缴费"", ""充值"", ""企业微信""]"
校园卡密码忘了怎么办？,KNOWLEDGE_QA,SEARCH_PUBLIC_KNOWLEDGE,,"[""校园卡"", ""密码"", ""忘记"", ""重置""]"
校园卡丢了怎么补办？,KNOWLEDGE_QA,SEARCH_PUBLIC_KNOWLEDGE,,"[""校园卡"", ""丢失"", ""补办"", ""师生服务中心""]"
热水费怎么充值？,KNOWLEDGE_QA,SEARCH_PUBLIC_KNOWLEDGE,,"[""热水费"", ""充值"", ""洗澡"", ""智慧热水""]"
宿舍电费怎么充值？,KNOWLEDGE_QA,SEARCH_PUBLIC_KNOWLEDGE,,"[""电费"", ""充值"", ""缴费"", ""水电中心""]"
网费怎么交？,KNOWLEDGE_QA,SEARCH_PUBLIC_KNOWLEDGE,,"[""网费"", ""缴费"", ""充值"", ""网络""]"
水卡怎么充值？,KNOWLEDGE_QA,SEARCH_PUBLIC_KNOWLEDGE,,"[""水卡"", ""充值"", ""饮水"", ""水费""]"
热水费在哪里充值？,KNOWLEDGE_QA,SEARCH_PUBLIC_KNOWLEDGE,,"[""热水费"", ""充值"", ""洗澡"", ""智慧热水""]"
校园卡丢了怎么吃饭？,KNOWLEDGE_QA,SEARCH_PUBLIC_KNOWLEDGE,,"[""校园卡"", ""丢失"", ""吃饭"", ""临时""]"
圈存机怎么用？,KNOWLEDGE_QA,SEARCH_PUBLIC_KNOWLEDGE,,"[""圈存机"", ""使用"", ""操作"", ""充值""]"
空调费怎么充值？,KNOWLEDGE_QA,SEARCH_PUBLIC_KNOWLEDGE,,"[""空调费"", ""充值"", ""缴费"", ""企业微信""]"
校园卡充值多久到账？,KNOWLEDGE_QA,SEARCH_PUBLIC_KNOWLEDGE,,"[""校园卡"", ""充值"", ""到账"", ""时间""]"
电费余额怎么查？,KNOWLEDGE_QA,SEARCH_PUBLIC_KNOWLEDGE,,"[""电费"", ""余额"", ""查询"", ""宿舍""]"
宿舍床铺尺寸是多少？,KNOWLEDGE_QA,SEARCH_PUBLIC_KNOWLEDGE,,"[""宿舍"", ""床铺"", ""尺寸"", ""买床单""]"
宿舍可以养宠物吗？,KNOWLEDGE_QA,SEARCH_PUBLIC_KNOWLEDGE,,"[""宿舍"", ""宠物"", ""猫"", ""狗""]"
宿舍断网时间是几点？,KNOWLEDGE_QA,GET_CURRENT_TIME|SEARCH_PUBLIC_KNOWLEDGE,,"[""宿舍"", ""断网"", ""时间"", ""网络""]"
宿舍有WiFi吗？,KNOWLEDGE_QA,SEARCH_PUBLIC_KNOWLEDGE,,"[""宿舍"", ""WiFi"", ""网络"", ""无线""]"
宿舍晚上几点熄灯？,KNOWLEDGE_QA,GET_CURRENT_TIME|SEARCH_PUBLIC_KNOWLEDGE,,"[""宿舍"", ""熄灯"", ""时间"", ""晚上""]"
宿舍可以点外卖吗？,KNOWLEDGE_QA,SEARCH_PUBLIC_KNOWLEDGE,,"[""宿舍"", ""外卖"", ""送餐"", ""楼下""]"
宿舍可以用什么电器？,KNOWLEDGE_QA,SEARCH_PUBLIC_KNOWLEDGE,,"[""宿舍"", ""电器"", ""允许"", ""功率""]"
宿舍有饮水机吗？,KNOWLEDGE_QA,SEARCH_PUBLIC_KNOWLEDGE,,"[""宿舍"", ""饮水机"", ""开水"", ""水房""]"
宿舍可以用吹风机吗？,KNOWLEDGE_QA,SEARCH_PUBLIC_KNOWLEDGE,,"[""宿舍"", ""吹风机"", ""大功率"", ""电器""]"
宿舍有热水吗？,KNOWLEDGE_QA,SEARCH_PUBLIC_KNOWLEDGE,,"[""宿舍"", ""热水"", ""洗澡"", ""供应""]"
宿舍几个人住？,KNOWLEDGE_QA,SEARCH_PUBLIC_KNOWLEDGE,,"[""宿舍"", ""人数"", ""几人间"", ""四人间""]"
宿舍有衣柜吗？,KNOWLEDGE_QA,SEARCH_PUBLIC_KNOWLEDGE,,"[""宿舍"", ""衣柜"", ""储物"", ""空间""]"
宿舍查房是什么时候？,KNOWLEDGE_QA,GET_CURRENT_TIME|SEARCH_PUBLIC_KNOWLEDGE,,"[""宿舍"", ""查房"", ""检查"", ""卫生""]"
宿舍门禁是几点？,KNOWLEDGE_QA,GET_CURRENT_TIME|SEARCH_PUBLIC_KNOWLEDGE,,"[""宿舍"", ""门禁"", ""时间"", ""晚归""]"
宿舍有洗衣机吗？,KNOWLEDGE_QA,SEARCH_PUBLIC_KNOWLEDGE,,"[""宿舍"", ""洗衣机"", ""洗衣"", ""公共""]"
宿舍有空调吗？,KNOWLEDGE_QA,SEARCH_PUBLIC_KNOWLEDGE,,"[""宿舍"", ""空调"", ""有没有"", ""制冷""]"
宿舍怎么充值电费？,KNOWLEDGE_QA,SEARCH_PUBLIC_KNOWLEDGE,,"[""宿舍"", ""电费"", ""充值"", ""缴费""]"
宿舍可以挂床帘吗？,KNOWLEDGE_QA,SEARCH_PUBLIC_KNOWLEDGE,,"[""宿舍"", ""床帘"", ""蚊帐"", ""规定""]"
宿舍可以安装路由器吗？,KNOWLEDGE_QA,SEARCH_PUBLIC_KNOWLEDGE,,"[""宿舍"", ""路由器"", ""WiFi"", ""网络""]"
宿舍可以使用电煮锅吗？,KNOWLEDGE_QA,SEARCH_PUBLIC_KNOWLEDGE,,"[""宿舍"", ""电煮锅"", ""大功率"", ""违规""]"
宿舍可以换床位吗？,KNOWLEDGE_QA,SEARCH_PUBLIC_KNOWLEDGE,,"[""宿舍"", ""换床位"", ""调换"", ""申请""]"
宿舍可以留宿外人吗？,KNOWLEDGE_QA,SEARCH_PUBLIC_KNOWLEDGE,,"[""宿舍"", ""留宿"", ""外人"", ""规定""]"
宿舍可以做饭吗？,KNOWLEDGE_QA,SEARCH_PUBLIC_KNOWLEDGE,,"[""宿舍"", ""做饭"", ""厨具"", ""违规""]"
宿舍怎么报修？,KNOWLEDGE_QA,SEARCH_PUBLIC_KNOWLEDGE,,"[""宿舍"", ""报修"", ""维修"", ""后勤""]"
宿舍有独立卫浴吗？,KNOWLEDGE_QA,SEARCH_PUBLIC_KNOWLEDGE,,"[""宿舍"", ""独立卫浴"", ""卫生间"", ""浴室""]"
宿舍有蟑螂怎么办？,KNOWLEDGE_QA,SEARCH_PUBLIC_KNOWLEDGE,,"[""宿舍"", ""蟑螂"", ""虫子"", ""卫生""]"
宿舍跳闸了怎么办？,KNOWLEDGE_QA,SEARCH_PUBLIC_KNOWLEDGE,,"[""宿舍"", ""跳闸"", ""停电"", ""怎么办""]"
宿舍有阳台吗？,KNOWLEDGE_QA,SEARCH_PUBLIC_KNOWLEDGE,,"[""宿舍"", ""阳台"", ""晾衣服"", ""采光""]"
宿舍可以贴挂钩吗？,KNOWLEDGE_QA,SEARCH_PUBLIC_KNOWLEDGE,,"[""宿舍"", ""挂钩"", ""装饰"", ""墙面""]"
宿舍有风扇吗？,KNOWLEDGE_QA,SEARCH_PUBLIC_KNOWLEDGE,,"[""宿舍"", ""风扇"", ""夏天"", ""空调""]"
宿舍可以用台灯吗？,KNOWLEDGE_QA,SEARCH_PUBLIC_KNOWLEDGE,,"[""宿舍"", ""台灯"", ""小功率"", ""学习""]"
快递地址怎么填？,KNOWLEDGE_QA,SEARCH_PUBLIC_KNOWLEDGE,,"[""快递"", ""地址"", ""收货"", ""填写""]"
宿舍可以用卷发棒吗？,KNOWLEDGE_QA,SEARCH_PUBLIC_KNOWLEDGE,,"[""宿舍"", ""卷发棒"", ""小功率"", ""电器""]"
快递站在哪里？,KNOWLEDGE_QA,SEARCH_PUBLIC_KNOWLEDGE,,"[""快递"", ""驿站"", ""位置"", ""取件""]"
辅修专业怎么申请？,KNOWLEDGE_QA,SEARCH_PUBLIC_KNOWLEDGE,,"[""辅修"", ""申请"", ""条件"", ""双学位""]"
怎么查自己的排名？,KNOWLEDGE_QA,SEARCH_PUBLIC_KNOWLEDGE,,"[""排名"", ""成绩排名"", ""查询"", ""专业""]"
奖学金什么时候评选？,KNOWLEDGE_QA,GET_CURRENT_TIME|SEARCH_PUBLIC_KNOWLEDGE,,"[""奖学金"", ""评选"", ""时间"", ""申请""]"
绩点怎么算？,KNOWLEDGE_QA,SEARCH_PUBLIC_KNOWLEDGE,,"[""绩点"", ""GPA"", ""计算"", ""加权""]"
什么时候考试？,KNOWLEDGE_QA,GET_CURRENT_TIME|SEARCH_PUBLIC_KNOWLEDGE,,"[""考试"", ""时间"", ""期末"", ""安排""]"
补考什么时候进行？,KNOWLEDGE_QA,GET_CURRENT_TIME|SEARCH_PUBLIC_KNOWLEDGE,,"[""补考"", ""时间"", ""安排"", ""重修""]"
挂科了怎么办？,KNOWLEDGE_QA,SEARCH_PUBLIC_KNOWLEDGE,,"[""挂科"", ""补考"", ""重修"", ""影响""]"
教务系统密码忘了怎么办？,KNOWLEDGE_QA,SEARCH_PUBLIC_KNOWLEDGE,,"[""教务系统"", ""密码"", ""忘记"", ""重置""]"
转专业需要什么条件？,KNOWLEDGE_QA,SEARCH_PUBLIC_KNOWLEDGE,,"[""转专业"", ""条件"", ""绩点"", ""排名""]"
什么时候可以选课？,KNOWLEDGE_QA,GET_CURRENT_TIME|SEARCH_PUBLIC_KNOWLEDGE,,"[""选课"", ""时间"", ""开始"", ""开放""]"
四六级考试怎么报名？,KNOWLEDGE_QA,SEARCH_PUBLIC_KNOWLEDGE,,"[""四六级"", ""报名"", ""英语"", ""考试""]"
重修需要缴费吗？,KNOWLEDGE_QA,SEARCH_PUBLIC_KNOWLEDGE,,"[""重修"", ""费用"", ""缴费"", ""多少钱""]"
课程冲突了怎么办？,KNOWLEDGE_QA,SEARCH_PUBLIC_KNOWLEDGE,,"[""课程冲突"", ""调课"", ""免听"", ""处理""]"
怎么申请转专业？,KNOWLEDGE_QA,SEARCH_PUBLIC_KNOWLEDGE,,"[""转专业"", ""申请"", ""条件"", ""流程""]"
考试安排在哪里看？,KNOWLEDGE_QA,SEARCH_PUBLIC_KNOWLEDGE,,"[""考试安排"", ""考场"", ""座位"", ""查询""]"
选课怎么选？,KNOWLEDGE_QA,SEARCH_PUBLIC_KNOWLEDGE,,"[""选课"", ""怎么选"", ""系统"", ""流程""]"
学分不够怎么办？,KNOWLEDGE_QA,SEARCH_PUBLIC_KNOWLEDGE,,"[""学分"", ""不够"", ""毕业"", ""补修""]"
选课满了怎么办？,KNOWLEDGE_QA,SEARCH_PUBLIC_KNOWLEDGE,,"[""选课"", ""满员"", ""候补"", ""扩容""]"
可以申请免修吗？,KNOWLEDGE_QA,SEARCH_PUBLIC_KNOWLEDGE,,"[""免修"", ""申请"", ""条件"", ""已修""]"
综测加分项目有哪些？,KNOWLEDGE_QA,SEARCH_PUBLIC_KNOWLEDGE,,"[""综测"", ""加分"", ""德育"", ""文体""]"
保研需要什么条件？,KNOWLEDGE_QA,SEARCH_PUBLIC_KNOWLEDGE,,"[""保研"", ""条件"", ""推免"", ""绩点""]"
毕业设计要求是什么？,KNOWLEDGE_QA,SEARCH_PUBLIC_KNOWLEDGE,,"[""毕业设计"", ""论文"", ""要求"", ""查重""]"
体测什么时候进行？,KNOWLEDGE_QA,GET_CURRENT_TIME|SEARCH_PUBLIC_KNOWLEDGE,,"[""体测"", ""时间"", ""体育"", ""测试""]"
体测不及格怎么办？,KNOWLEDGE_QA,SEARCH_PUBLIC_KNOWLEDGE,,"[""体测"", ""不及格"", ""补测"", ""影响""]"
可以申请缓考吗？,KNOWLEDGE_QA,SEARCH_PUBLIC_KNOWLEDGE,,"[""缓考"", ""申请"", ""条件"", ""因病""]"
成绩什么时候出？,KNOWLEDGE_QA,GET_CURRENT_TIME|SEARCH_PUBLIC_KNOWLEDGE,,"[""成绩"", ""查询"", ""公布"", ""时间""]"
教材费怎么交？,KNOWLEDGE_QA,SEARCH_PUBLIC_KNOWLEDGE,,"[""教材费"", ""缴费"", ""缴纳"", ""费用""]"
考试带什么证件？,KNOWLEDGE_QA,SEARCH_PUBLIC_KNOWLEDGE,,"[""考试"", ""证件"", ""学生证"", ""校园卡""]"
学校有打印店吗？,KNOWLEDGE_QA,SEARCH_PUBLIC_KNOWLEDGE,,"[""打印店"", ""打印"", ""复印"", ""位置""]"
学校有教材中心吗？,KNOWLEDGE_QA,SEARCH_PUBLIC_KNOWLEDGE,,"[""教材"", ""中心"", ""购买"", ""课本""]"
二手书在哪里买？,KNOWLEDGE_QA,SEARCH_PUBLIC_KNOWLEDGE,,"[""二手书"", ""购买"", ""旧书"", ""闲鱼""]"
课本在哪里买？,KNOWLEDGE_QA,SEARCH_PUBLIC_KNOWLEDGE,,"[""课本"", ""教材"", ""购买"", ""书店""]"
可以不买学校教材吗？,KNOWLEDGE_QA,SEARCH_PUBLIC_KNOWLEDGE,,"[""教材"", ""不买"", ""自备"", ""淘宝""]"
上课迟到了怎么办？,KNOWLEDGE_QA,SEARCH_PUBLIC_KNOWLEDGE,,"[""迟到"", ""上课"", ""怎么办"", ""老师""]"
A1教学楼在哪里？,KNOWLEDGE_QA,SEARCH_PUBLIC_KNOWLEDGE,,"[""A1"", ""教学楼"", ""位置"", ""怎么走""]"
晚上有课吗？,KNOWLEDGE_QA,SEARCH_PUBLIC_KNOWLEDGE,,"[""晚上"", ""有课"", ""选修"", ""时间""]"
B2教学楼怎么走？,KNOWLEDGE_QA,SEARCH_PUBLIC_KNOWLEDGE,,"[""B2"", ""教学楼"", ""怎么走"", ""位置""]"
教室在哪里查？,KNOWLEDGE_QA,SEARCH_PUBLIC_KNOWLEDGE,,"[""教室"", ""查询"", ""课表"", ""上课地点""]"
公共教学楼在哪？,KNOWLEDGE_QA,SEARCH_PUBLIC_KNOWLEDGE,,"[""公共教学楼"", ""位置"", ""上课"", ""怎么走""]"
教室可以自习吗？,KNOWLEDGE_QA,SEARCH_PUBLIC_KNOWLEDGE,,"[""教室"", ""自习"", ""没课"", ""自习室""]"
周末有课吗？,KNOWLEDGE_QA,GET_CURRENT_TIME|SEARCH_PUBLIC_KNOWLEDGE,,"[""周末"", ""有课"", ""选修"", ""周六""]"
教室有空调吗？,KNOWLEDGE_QA,SEARCH_PUBLIC_KNOWLEDGE,,"[""教室"", ""空调"", ""有没有"", ""夏天""]"
调课通知在哪里看？,KNOWLEDGE_QA,SEARCH_PUBLIC_KNOWLEDGE,,"[""调课"", ""通知"", ""查看"", ""课表""]"
学校买了哪些数据库？,KNOWLEDGE_QA,SEARCH_PUBLIC_KNOWLEDGE,,"[""数据库"", ""购买"", ""图书馆"", ""访问""]"
怎么校外访问知网？,KNOWLEDGE_QA,SEARCH_PUBLIC_KNOWLEDGE,,"[""知网"", ""校外访问"", ""VPN"", ""图书馆""]"
知网怎么免费下论文？,KNOWLEDGE_QA,SEARCH_PUBLIC_KNOWLEDGE,,"[""知网"", ""免费"", ""论文"", ""下载""]"
助学金每年都要重新申请吗？,KNOWLEDGE_QA,SEARCH_PUBLIC_KNOWLEDGE,,"[""助学金"", ""申请"", ""每年"", ""重新""]"
怎么申请贫困认定？,KNOWLEDGE_QA,SEARCH_PUBLIC_KNOWLEDGE,,"[""贫困认定"", ""申请"", ""材料"", ""困难""]"
奖学金会公示吗？,KNOWLEDGE_QA,SEARCH_PUBLIC_KNOWLEDGE,,"[""奖学金"", ""公示"", ""5个工作日"", ""评选""]"
退役士兵学生有什么资助？,KNOWLEDGE_QA,SEARCH_PUBLIC_KNOWLEDGE,,"[""退役士兵"", ""学费减免"", ""12000"", ""助学金""]"
单项奖学金有哪些？,KNOWLEDGE_QA,SEARCH_PUBLIC_KNOWLEDGE,,"[""单项奖学金"", ""学业优秀"", ""科技创新"", ""文体""]"
国家助学金什么时候发放？,KNOWLEDGE_QA,GET_CURRENT_TIME|SEARCH_PUBLIC_KNOWLEDGE,,"[""国家助学金"", ""发放"", ""时间"", ""到账""]"
勤工助学岗位怎么找？,KNOWLEDGE_QA,SEARCH_PUBLIC_KNOWLEDGE,,"[""勤工助学"", ""岗位"", ""申请"", ""系统""]"
综合奖学金分几等？,KNOWLEDGE_QA,SEARCH_PUBLIC_KNOWLEDGE,,"[""综合奖学金"", ""等级"", ""一等"", ""二等""]"
助学贷款怎么申请？,KNOWLEDGE_QA,SEARCH_PUBLIC_KNOWLEDGE,,"[""助学贷款"", ""申请"", ""生源地"", ""流程""]"
国家奖学金怎么申请？,KNOWLEDGE_QA,SEARCH_PUBLIC_KNOWLEDGE,,"[""国家奖学金"", ""申请"", ""条件"", ""金额""]"
图书馆有电子资源吗？,KNOWLEDGE_QA,SEARCH_PUBLIC_KNOWLEDGE,,"[""图书馆"", ""电子资源"", ""数据库"", ""知网""]"
图书馆有自习室吗？,KNOWLEDGE_QA,SEARCH_PUBLIC_KNOWLEDGE,,"[""图书馆"", ""自习室"", ""自习"", ""座位""]"
图书馆可以带包进去吗？,KNOWLEDGE_QA,SEARCH_PUBLIC_KNOWLEDGE,,"[""图书馆"", ""带包"", ""物品"", ""规定""]"
图书馆占座会被清理吗？,KNOWLEDGE_QA,SEARCH_PUBLIC_KNOWLEDGE,,"[""图书馆"", ""占座"", ""清理"", ""30分钟""]"
图书馆可以复印资料吗？,KNOWLEDGE_QA,SEARCH_PUBLIC_KNOWLEDGE,,"[""图书馆"", ""复印"", ""资料"", ""打印""]"
图书续借怎么操作？,KNOWLEDGE_QA,SEARCH_PUBLIC_KNOWLEDGE,,"[""图书馆"", ""续借"", ""操作"", ""超期""]"
图书馆可以借多少本书？,KNOWLEDGE_QA,SEARCH_PUBLIC_KNOWLEDGE,,"[""图书馆"", ""借书"", ""数量"", ""上限""]"
图书馆怎么校外访问？,KNOWLEDGE_QA,SEARCH_PUBLIC_KNOWLEDGE,,"[""图书馆"", ""校外访问"", ""VPN"", ""数据库""]"
图书馆几点关门？,KNOWLEDGE_QA,GET_CURRENT_TIME|SEARCH_PUBLIC_KNOWLEDGE,,"[""图书馆"", ""关门"", ""时间"", ""晚上""]"
图书馆可以带自己的书吗？,KNOWLEDGE_QA,SEARCH_PUBLIC_KNOWLEDGE,,"[""图书馆"", ""自带书"", ""资料"", ""学习""]"
图书馆研讨间怎么预约？,KNOWLEDGE_QA,SEARCH_PUBLIC_KNOWLEDGE,,"[""图书馆"", ""研讨间"", ""预约"", ""使用""]"
图书馆几点开门？,KNOWLEDGE_QA,GET_CURRENT_TIME|SEARCH_PUBLIC_KNOWLEDGE,,"[""图书馆"", ""开门"", ""时间"", ""早上""]"
借书超期了怎么办？,KNOWLEDGE_QA,SEARCH_PUBLIC_KNOWLEDGE,,"[""图书馆"", ""超期"", ""滞纳金"", ""罚款""]"
怎么办理学历学位证明？,KNOWLEDGE_QA,SEARCH_PUBLIC_KNOWLEDGE,,"[""学历学位"", ""证明"", ""学信网"", ""师生服务中心""]"
学校VPN网址是什么？,KNOWLEDGE_QA,SEARCH_PUBLIC_KNOWLEDGE,,"[""VPN"", ""网址"", ""webvpn"", ""校外""]"
护照丢了怎么办？,KNOWLEDGE_QA,SEARCH_PUBLIC_KNOWLEDGE,,"[""护照"", ""丢失"", ""挂失"", ""报案""]"
复学需要办什么手续？,KNOWLEDGE_QA,SEARCH_PUBLIC_KNOWLEDGE,,"[""复学"", ""手续"", ""申请"", ""医院""]"
在读证明怎么开？,KNOWLEDGE_QA,SEARCH_PUBLIC_KNOWLEDGE,,"[""在读证明"", ""开具"", ""师生服务中心"", ""自助""]"
学生证丢了怎么补办？,KNOWLEDGE_QA,SEARCH_PUBLIC_KNOWLEDGE,,"[""学生证"", ""丢失"", ""补办"", ""工本费""]"
怎么申请休学？,KNOWLEDGE_QA,SEARCH_PUBLIC_KNOWLEDGE,,"[""休学"", ""申请"", ""流程"", ""教务处""]"
成绩单怎么打印？,KNOWLEDGE_QA,SEARCH_PUBLIC_KNOWLEDGE,,"[""成绩单"", ""打印"", ""中英文"", ""自助""]"
VPN怎么用？,KNOWLEDGE_QA,SEARCH_PUBLIC_KNOWLEDGE,,"[""VPN"", ""校外访问"", ""登录"", ""使用""]"
学生证火车优惠卡怎么充值？,KNOWLEDGE_QA,SEARCH_PUBLIC_KNOWLEDGE,,"[""学生证"", ""火车优惠卡"", ""充值"", ""优惠""]"
学费怎么交？,KNOWLEDGE_QA,SEARCH_PUBLIC_KNOWLEDGE,,"[""学费"", ""缴纳"", ""缴费"", ""财务处""]"
住宿费多少钱？,KNOWLEDGE_QA,SEARCH_PUBLIC_KNOWLEDGE,,"[""住宿费"", ""费用"", ""标准"", ""宿舍""]"
师生服务中心电话是多少？,KNOWLEDGE_QA,SEARCH_PUBLIC_KNOWLEDGE,,"[""师生服务中心"", ""电话"", ""五山"", ""大学城""]"
学校报警电话是多少？,KNOWLEDGE_QA,SEARCH_PUBLIC_KNOWLEDGE,,"[""报警"", ""保卫处"", ""五山"", ""大学城""]"
水电报修电话是多少？,KNOWLEDGE_QA,SEARCH_PUBLIC_KNOWLEDGE,,"[""水电"", ""报修"", ""电话"", ""后勤""]"
网络中心电话是多少？,KNOWLEDGE_QA,SEARCH_PUBLIC_KNOWLEDGE,,"[""网络中心"", ""电话"", ""87110228""]"
社团活动可以加学分吗？,KNOWLEDGE_QA,SEARCH_PUBLIC_KNOWLEDGE,,"[""社团"", ""学分"", ""综合测评"", ""加分""]"
社团招新什么时候？,KNOWLEDGE_QA,GET_CURRENT_TIME|SEARCH_PUBLIC_KNOWLEDGE,,"[""社团"", ""招新"", ""时间"", ""百团大战""]"
学校有哪些社团？,KNOWLEDGE_QA,SEARCH_PUBLIC_KNOWLEDGE,,"[""社团"", ""种类"", ""数量"", ""加入""]"
志愿时长有什么用？,KNOWLEDGE_QA,SEARCH_PUBLIC_KNOWLEDGE,,"[""志愿时长"", ""学分"", ""奖学金"", ""综测""]"
怎么加入学生会？,KNOWLEDGE_QA,SEARCH_PUBLIC_KNOWLEDGE,,"[""学生会"", ""加入"", ""招新"", ""面试""]"
学校可以骑自行车吗？,KNOWLEDGE_QA,SEARCH_PUBLIC_KNOWLEDGE,,"[""自行车"", ""电动车"", ""校园"", ""规定""]"
学校周边有什么好玩的？,KNOWLEDGE_QA,SEARCH_PUBLIC_KNOWLEDGE,,"[""周边"", ""好玩"", ""GOGO"", ""贝岗""]"
学校可以停车吗？,KNOWLEDGE_QA,SEARCH_PUBLIC_KNOWLEDGE,,"[""停车"", ""停车场"", ""教职工"", ""登记""]"
学校有校车吗？,KNOWLEDGE_QA,SEARCH_PUBLIC_KNOWLEDGE,,"[""校车"", ""校巴"", ""五山"", ""大学城""]"
学校附近有商场吗？,KNOWLEDGE_QA,SEARCH_PUBLIC_KNOWLEDGE,,"[""商场"", ""购物"", ""超市"", ""附近""]"
学校附近有地铁站吗？,KNOWLEDGE_QA,SEARCH_PUBLIC_KNOWLEDGE,,"[""地铁"", ""大学城南站"", ""五山站"", ""交通""]"
校车怎么坐？,KNOWLEDGE_QA,SEARCH_PUBLIC_KNOWLEDGE,,"[""校车"", ""乘坐"", ""免费"", ""时间表""]"
从广州南站怎么来学校？,KNOWLEDGE_QA,SEARCH_PUBLIC_KNOWLEDGE,,"[""广州南站"", ""交通"", ""地铁"", ""公交""]"
学校附近有电影院吗？,KNOWLEDGE_QA,SEARCH_PUBLIC_KNOWLEDGE,,"[""电影院"", ""观影"", ""娱乐"", ""附近""]"
从白云机场怎么来学校？,KNOWLEDGE_QA,SEARCH_PUBLIC_KNOWLEDGE,,"[""白云机场"", ""交通"", ""地铁"", ""机场""]"
学校附近有超市吗？,KNOWLEDGE_QA,SEARCH_PUBLIC_KNOWLEDGE,,"[""超市"", ""附近"", ""购物"", ""便利店""]"
学校附近有药店吗？,KNOWLEDGE_QA,SEARCH_PUBLIC_KNOWLEDGE,,"[""药店"", ""附近"", ""买药"", ""校医院""]"
学校附近有健身房吗？,KNOWLEDGE_QA,SEARCH_PUBLIC_KNOWLEDGE,,"[""健身房"", ""附近"", ""锻炼"", ""运动""]"
